Заказчик;Лоты;Сумма, планируемая для закупки, тенге;Способ;Статус;Код закупки;Наименование;Дата начала;Дата окончания;link
"Акционерное общество ""СНПС-Актобемунайгаз""";1.0;31 224 048.00;Открытый конкурс на понижение (электронные торги);"Опубликован
Объявление";2025.ЭТ-433440;дыхательный аппарат с манометром;17.04.2025 09:00:00;02.05.2025 09:00:00;https://www.reestr.nadloc.kz/ru/tender/view/433440
"Акционерное общество ""СНПС-Актобемунайгаз""";1.0;203 750.00;Открытый конкурс на понижение (электронные торги);"Опубликован
Объявление";2025.ЭТ-434185;Техническое обслуживание компрессора для закачки воздуха ВДА.;28.04.2025 09:00:00;15.05.2025 09:00:00;https://www.reestr.nadloc.kz/ru/tender/view/434185
"Акционерное общество ""СНПС-Актобемунайгаз""";1.0;79 776 990.00;Открытый конкурс на понижение (электронные торги);"Опубликован
Объявление";2025.ЭТ-434050;Спуск подземного оборудования при подземном ремонте скважин на месторождении Кенкияк-надсолевой;25.04.2025 09:00:00;28.05.2025 09:00:00;https://www.reestr.nadloc.kz/ru/tender/view/434050
"Акционерное общество ""СНПС-Актобемунайгаз""";2.0;1 462 200.00;Открытый конкурс на понижение (электронные торги);"Опубликован
Объявление";2025.ЭТ-434148;Полированный шток с зажимами (среди ОТП);26.04.2025 09:00:00;15.05.2025 09:00:00;https://www.reestr.nadloc.kz/ru/tender/view/434148
"Акционерное общество ""СНПС-Актобемунайгаз""";3.0;22 122 220.00;Открытый конкурс на понижение (электронные торги);"Опубликован
Объявление";2025.ЭТ-434033;Клапаны, Задвижки для остановочного капитального ремонта ГПЗ;25.04.2025 09:00:00;14.05.2025 09:00:00;https://www.reestr.nadloc.kz/ru/tender/view/434033
"Акционерное общество ""СНПС-Актобемунайгаз""";1.0;2 225 000.00;Открытый конкурс на понижение (электронные торги);"Опубликован
Объявление";2025.ЭТ-434135;Ремонт, поверка универсальных газоанализаторов ГАНК-4;26.04.2025 09:00:00;15.05.2025 09:00:00;https://www.reestr.nadloc.kz/ru/tender/view/434135
"Акционерное общество ""СНПС-Актобемунайгаз""";1.0;4 981 097.32;Открытый конкурс на понижение (электронные торги);"Опубликован
Объявление";2025.ЭТ-434134;«Техническое обслуживание, освидетельствование, ремонт и замена узлов снаряжения оборудования, СИЗ ПАСС м.р.Кенкияк»;26.04.2025 09:00:00;15.05.2025 09:00:00;https://www.reestr.nadloc.kz/ru/tender/view/434134
"Акционерное общество ""СНПС-Актобемунайгаз""";5.0;64 335 053.00;Открытый конкурс на понижение (электронные торги);"Опубликован
Объявление";2025.ЭТ-433281;Автотранспортные услуги для ОНГДУ и КНГДУ АО «СНПС – Актобемунайгаз»;16.04.2025 09:00:00;14.05.2025 09:00:00;https://www.reestr.nadloc.kz/ru/tender/view/433281
"Акционерное общество ""СНПС-Актобемунайгаз""";1.0;191 952.00;Открытый конкурс на понижение (электронные торги);"Опубликован
Объявление";2025.ЭТ-434100;Взрывозащищенная коробка;26.04.2025 09:00:00;15.05.2025 09:00:00;https://www.reestr.nadloc.kz/ru/tender/view/434100
"Акционерное общество ""СНПС-Актобемунайгаз""";1.0;17 125 892.86;Открытый конкурс на понижение (электронные торги);"Опубликован
Объявление";2025.ЭТ-434088;Замена трубопровода технической воды д-108х6мм (район КСВД до УДН) ГПЗ-1;26.04.2025 09:00:00;15.05.2025 09:00:00;https://www.reestr.nadloc.kz/ru/tender/view/434088
"Акционерное общество ""СНПС-Актобемунайгаз""";2.0;14 100 996.00;Открытый конкурс на понижение (электронные торги);"Опубликован
Объявление";2025.ЭТ-434076;Проведение освидетельствования и экспертной оценки технического состояния техники, отработавшей нормативный срок, согласно паспортным данным;26.04.2025 09:00:00;15.05.2025 09:00:00;https://www.reestr.nadloc.kz/ru/tender/view/434076
"Акционерное общество ""СНПС-Актобемунайгаз""";2.0;2 828 228.00;Открытый конкурс на понижение (электронные торги);"Опубликован
Объявление";2025.ЭТ-434068;Арматол-238 (среди ОТП);25.04.2025 09:00:00;14.05.2025 09:00:00;https://www.reestr.nadloc.kz/ru/tender/view/434068
"Акционерное общество ""СНПС-Актобемунайгаз""";1.0;21 181 524.00;Открытый конкурс на понижение (электронные торги);"Опубликован
Объявление";2025.ЭТ-434075;Услуги ПРС для освоения 11 скважин после бурения на м/р Кенкияк-надсолевое на 2025год;25.04.2025 09:00:00;14.05.2025 09:00:00;https://www.reestr.nadloc.kz/ru/tender/view/434075
"Акционерное общество ""СНПС-Актобемунайгаз""";3.0;116 905 164.00;Открытый конкурс на понижение (электронные торги);"Опубликован
Объявление";2025.ЭТ-434063;Технические услуги по отработке скважин с помощью оборудования автономного газлифта 2025 году м/р Жанажол и Северная Трува;25.04.2025 09:00:00;14.05.2025 09:00:00;https://www.reestr.nadloc.kz/ru/tender/view/434063
"Акционерное общество ""СНПС-Актобемунайгаз""";3.0;146 434 640.00;Открытый конкурс на понижение (электронные торги);"Опубликован
Объявление";2025.ЭТ-434058;Услуги по химической очистке оборудования ЖНГК;25.04.2025 09:00:00;14.05.2025 09:00:00;https://www.reestr.nadloc.kz/ru/tender/view/434058
"Акционерное общество ""СНПС-Актобемунайгаз""";1.0;190 278 860.00;Открытый конкурс на понижение (электронные торги);"Опубликован
Объявление";2025.ЭТ-434052;Ремонтно-восстановительные работы нагревательных печей JM-ZKX250 с заменой системы трубного пучка на объекте ЦДГиК;25.04.2025 09:00:00;28.05.2025 09:00:00;https://www.reestr.nadloc.kz/ru/tender/view/434052
"Акционерное общество ""СНПС-Актобемунайгаз""";1.0;55 000 000.00;Открытый конкурс на понижение (электронные торги);"Опубликован
Объявление";2025.ЭТ-434051;Разработка проекта консервации и ликвидации скважин расположенных в контуре подземных вод подсолевых залежей месторождения Кенкияк;25.04.2025 09:00:00;14.05.2025 09:00:00;https://www.reestr.nadloc.kz/ru/tender/view/434051
"Акционерное общество ""СНПС-Актобемунайгаз""";1.0;5 676 982.40;Открытый конкурс на понижение (электронные торги);"Опубликован
Объявление";2025.ЭТ-434001;Пенообразователь.;25.04.2025 09:00:00;14.05.2025 09:00:00;https://www.reestr.nadloc.kz/ru/tender/view/434001
"Акционерное общество ""СНПС-Актобемунайгаз""";25.0;8 570 123.00;Открытый конкурс на понижение (электронные торги);"Опубликован
Объявление";2025.ЭТ-434000;пластиковые, лакокрасочные изделия, дорожные знаки;25.04.2025 09:00:00;14.05.2025 09:00:00;https://www.reestr.nadloc.kz/ru/tender/view/434000
"Акционерное общество ""СНПС-Актобемунайгаз""";2.0;111 887.97;Открытый конкурс на понижение (электронные торги);"Опубликован
Объявление";2025.ЭТ-433993;Кабель (среди ОТП);25.04.2025 09:00:00;14.05.2025 09:00:00;https://www.reestr.nadloc.kz/ru/tender/view/433993
"Акционерное общество ""СНПС-Актобемунайгаз""";8.0;379 986.00;Открытый конкурс на понижение (электронные торги);"Опубликован
Объявление";2025.ЭТ-433975;Контрольно-измерительные приборы;25.04.2025 09:00:00;14.05.2025 09:00:00;https://www.reestr.nadloc.kz/ru/tender/view/433975
"Акционерное общество ""СНПС-Актобемунайгаз""";17.0;120 496 774.81;Открытый конкурс на понижение (электронные торги);"Опубликован
Объявление";2025.ЭТ-433512;Трубы бесшовные, стальной прокат, железобетонные изделия, лесоматериалы;18.04.2025 09:00:00;05.05.2025 09:00:00;https://www.reestr.nadloc.kz/ru/tender/view/433512
"Акционерное общество ""СНПС-Актобемунайгаз""";4.0;717 712.00;Открытый конкурс на понижение (электронные торги);"Опубликован
Объявление";2025.ЭТ-433903;Лабораторные испытания огнезащитной обработки деревянных и стальных конструкций;24.04.2025 09:00:00;13.05.2025 09:00:00;https://www.reestr.nadloc.kz/ru/tender/view/433903
"Акционерное общество ""СНПС-Актобемунайгаз""";1.0;158 498 000.00;Открытый конкурс на понижение (электронные торги);"Опубликован
Объявление";2025.ЭТ-433426;Высокоэффективный комбинированный растворитель обессеривания;17.04.2025 09:00:00;20.05.2025 09:00:00;https://www.reestr.nadloc.kz/ru/tender/view/433426
"Акционерное общество ""СНПС-Актобемунайгаз""";1.0;6 483 591.00;Открытый конкурс на понижение (электронные торги);"Опубликован
Объявление";2025.ЭТ-433866;Установка приточно-вытяжной вентиляции в помещениях горелки печей на ЦПН-3 ЖНГК;24.04.2025 09:00:00;13.05.2025 09:00:00;https://www.reestr.nadloc.kz/ru/tender/view/433866
"Акционерное общество ""СНПС-Актобемунайгаз""";1.0;681 267 000.00;Открытый конкурс на понижение (электронные торги);"Опубликован
Объявление";2025.ЭТ-433846;Работы при бурении бокового ствола скважины м/р Кенкияк – подсолевое с последующим проведением гидропескоструйной перфорации на 2025год.;23.04.2025 09:00:00;26.05.2025 09:00:00;https://www.reestr.nadloc.kz/ru/tender/view/433846
"Акционерное общество ""СНПС-Актобемунайгаз""";1.0;101 745 687.50;Открытый конкурс на понижение (электронные торги);"Опубликован
Объявление";2025.ЭТ-433839;"Замена задвижки с электроприводом и задвижек на питательный электронасос (ПЭН) №3;4 Расширения ГТЭС-45";23.04.2025 09:00:00;26.05.2025 09:00:00;https://www.reestr.nadloc.kz/ru/tender/view/433839
"Акционерное общество ""СНПС-Актобемунайгаз""";19.0;15 705 379.00;Открытый конкурс на понижение (электронные торги);"Опубликован
Объявление";2025.ЭТ-433251;Стальные детали трубопровода на остановочный ремонт;16.04.2025 09:00:00;08.05.2025 09:00:00;https://www.reestr.nadloc.kz/ru/tender/view/433251
"Акционерное общество ""СНПС-Актобемунайгаз""";1.0;21 726 883.93;Открытый конкурс на понижение (электронные торги);"Опубликован
Объявление";2025.ЭТ-433835;Устройство шатровой кровли здания КТП-1 ГПЗ-3;23.04.2025 09:00:00;12.05.2025 09:00:00;https://www.reestr.nadloc.kz/ru/tender/view/433835
"Акционерное общество ""СНПС-Актобемунайгаз""";2.0;412 380.00;Открытый конкурс на понижение (электронные торги);"Опубликован
Объявление";2025.ЭТ-433825;Комплект тапочек на кожаной подошве, для работников химической лаборатории;23.04.2025 09:00:00;12.05.2025 09:00:00;https://www.reestr.nadloc.kz/ru/tender/view/433825
"Акционерное общество ""СНПС-Актобемунайгаз""";2.0;279 424 320.00;Открытый конкурс на понижение (электронные торги);"Опубликован
Объявление";2025.ЭТ-433806;Оказание технических услуг по анализу керна и комплексной оценке индивидуальной скважины на блоках Терескен-1 и Терескен-2;23.04.2025 09:00:00;26.05.2025 09:00:00;https://www.reestr.nadloc.kz/ru/tender/view/433806
"Акционерное общество ""СНПС-Актобемунайгаз""";11.0;2 025 686.00;Открытый конкурс на понижение (электронные торги);"Опубликован
Объявление";2025.ЭТ-433796;Строительные материалы;23.04.2025 09:00:00;12.05.2025 09:00:00;https://www.reestr.nadloc.kz/ru/tender/view/433796
"Акционерное общество ""СНПС-Актобемунайгаз""";2.0;195 183 502.00;Открытый конкурс на понижение (электронные торги);"Опубликован
Объявление";2025.ЭТ-433780;Блок напорной гребенки (среди ОТП);23.04.2025 09:00:00;26.05.2025 09:00:00;https://www.reestr.nadloc.kz/ru/tender/view/433780
"Акционерное общество ""СНПС-Актобемунайгаз""";1.0;579 740.00;Открытый конкурс на понижение (электронные торги);"Опубликован
Объявление";2025.ЭТ-433776;картон фильтровальный на остановочный ремонт-без ОТП;23.04.2025 09:00:00;12.05.2025 09:00:00;https://www.reestr.nadloc.kz/ru/tender/view/433776
"Акционерное общество ""СНПС-Актобемунайгаз""";1.0;36 675 892.86;Открытый конкурс на понижение (электронные торги);"Опубликован
Объявление";2025.ЭТ-433725;Модификация короба воздуховода котлоагрегата №2;22.04.2025 09:00:00;08.05.2025 09:00:00;https://www.reestr.nadloc.kz/ru/tender/view/433725
"Акционерное общество ""СНПС-Актобемунайгаз""";79.0;25 812 383.00;Открытый конкурс на понижение (электронные торги);"Опубликован
Объявление";2025.ЭТ-433658;электротехнические материалы, кабель, аккумуляторные батареи;22.04.2025 09:00:00;08.05.2025 09:00:00;https://www.reestr.nadloc.kz/ru/tender/view/433658
"Акционерное общество ""СНПС-Актобемунайгаз""";2.0;105 000 000.00;Открытый конкурс на понижение (электронные торги);"Опубликован
Объявление";2025.ЭТ-433701;Пассивный микросейсмический мониторинг закачки и добычи в скважинах на месторождение АО «СНПС-АМГ».Разработка проекта ликвидации последствий деятельности разработки по углеводородам месторождения Северная Трува.;22.04.2025 09:00:00;08.05.2025 09:00:00;https://www.reestr.nadloc.kz/ru/tender/view/433701
"Акционерное общество ""СНПС-Актобемунайгаз""";1.0;5 464 276.00;Открытый конкурс на понижение (электронные торги);"Опубликован
Объявление";2025.ЭТ-433697;Аккумуляторная батарея свинцовая стартерная 6СТ-190 (среди ОТП);22.04.2025 09:00:00;08.05.2025 09:00:00;https://www.reestr.nadloc.kz/ru/tender/view/433697
"Акционерное общество ""СНПС-Актобемунайгаз""";1.0;70 000 000.00;Открытый конкурс на понижение (электронные торги);"Опубликован
Объявление";2025.ЭТ-433540;Анализ разработки месторождения Северная Трува с обновлением и проведением адаптации геолого-гидродинамической модели месторождения;18.04.2025 09:00:00;06.05.2025 09:00:00;https://www.reestr.nadloc.kz/ru/tender/view/433540
"Акционерное общество ""СНПС-Актобемунайгаз""";1.0;207 000.00;Открытый конкурс на понижение (электронные торги);"Опубликован
Объявление";2025.ЭТ-433669;Приобретение услуг провайдера по проведению межлабораторного сличения в соответствии с требованиями СТ РК ISO/ICE 17045-2012;22.04.2025 09:00:00;08.05.2025 09:00:00;https://www.reestr.nadloc.kz/ru/tender/view/433669
"Акционерное общество ""СНПС-Актобемунайгаз""";4.0;144 805.00;Открытый конкурс на понижение (электронные торги);"Опубликован
Объявление";2025.ЭТ-433664;Осветительная арматура без ОТП;22.04.2025 09:00:00;08.05.2025 09:00:00;https://www.reestr.nadloc.kz/ru/tender/view/433664
"Акционерное общество ""СНПС-Актобемунайгаз""";1.0;2 076 667.00;Открытый конкурс на понижение (электронные торги);"Опубликован
Объявление";2025.ЭТ-433601;Проведение экспертизы для дальнейшей эксплуатации ПГ-1,2,3 (ПНС-1), ПГ-1,2,3,4 (ПНС-2) ЦПТВ.;19.04.2025 09:00:00;05.05.2025 09:00:00;https://www.reestr.nadloc.kz/ru/tender/view/433601
"Акционерное общество ""СНПС-Актобемунайгаз""";1.0;600 000.00;Открытый конкурс на понижение (электронные торги);"Опубликован
Объявление";2025.ЭТ-433593;Текущий ремонт и наладка топливных аппаратур погрузчиков производства КНР Новой базы УПТОиКО;19.04.2025 09:00:00;06.05.2025 09:00:00;https://www.reestr.nadloc.kz/ru/tender/view/433593
"Акционерное общество ""СНПС-Актобемунайгаз""";1.0;290 000.00;Открытый конкурс на понижение (электронные торги);"Опубликован
Объявление";2025.ЭТ-433586;Изготовление проекта на газификацию Головной станции МГ Жанажол-КС-13;19.04.2025 09:00:00;06.05.2025 09:00:00;https://www.reestr.nadloc.kz/ru/tender/view/433586
"Акционерное общество ""СНПС-Актобемунайгаз""";1.0;91 260 000.00;Открытый конкурс на понижение (электронные торги);"Опубликован
Объявление";2025.ЭТ-433566;Стандартная мембрана обратного осмоса модели ВW30-400 на установке 2-стадии I-II очереди (чистый отсек).(Для доукомплектования установки обратного осмоса типа RO-54/14-BW.);19.04.2025 09:00:00;22.05.2025 09:00:00;https://www.reestr.nadloc.kz/ru/tender/view/433566
"Акционерное общество ""СНПС-Актобемунайгаз""";10.0;1 743 400.00;Открытый конкурс на понижение (электронные торги);"Опубликован
Объявление";2025.ЭТ-433500;бумажная продукция-без ОТП;18.04.2025 09:00:00;05.05.2025 09:00:00;https://www.reestr.nadloc.kz/ru/tender/view/433500
"Акционерное общество ""СНПС-Актобемунайгаз""";1.0;56 095 000.00;Открытый конкурс на понижение (электронные торги);"Опубликован
Объявление";2025.ЭТ-433144;Работы по закачке пара и азота на скважинах КНГДУ;15.04.2025 09:00:00;02.05.2025 09:00:00;https://www.reestr.nadloc.kz/ru/tender/view/433144
"Акционерное общество ""СНПС-Актобемунайгаз""";5.0;476 950.00;Открытый конкурс на понижение (электронные торги);"Опубликован
Объявление";2025.ЭТ-433472;Строительные материалы между ОТП;18.04.2025 09:00:00;05.05.2025 09:00:00;https://www.reestr.nadloc.kz/ru/tender/view/433472
"Акционерное общество ""СНПС-Актобемунайгаз""";1.0;505 000.00;Открытый конкурс на понижение (электронные торги);"Опубликован
Объявление";2025.ЭТ-433443;Поверка счетчиков газа и корректора объема газа с заменой батарей на 2025 год.;18.04.2025 09:00:00;05.05.2025 09:00:00;https://www.reestr.nadloc.kz/ru/tender/view/433443
"Акционерное общество ""СНПС-Актобемунайгаз""";4.0;766 250.00;Открытый конкурс на понижение (электронные торги);"Опубликован
Объявление";2025.ЭТ-433445;фреон, дезсредства;18.04.2025 09:00:00;05.05.2025 09:00:00;https://www.reestr.nadloc.kz/ru/tender/view/433445
"Акционерное общество ""СНПС-Актобемунайгаз""";2.0;6 400 000.00;Открытый конкурс на понижение (электронные торги);"Опубликован
Объявление";2025.ЭТ-433427;Клапан-бабочка, Затвор дисковый для остановочного капитального ремонта ГПЗ;17.04.2025 09:00:00;02.05.2025 09:00:00;https://www.reestr.nadloc.kz/ru/tender/view/433427
"Акционерное общество ""СНПС-Актобемунайгаз""";1.0;8 000 000.00;Открытый конкурс на понижение (электронные торги);"Опубликован
Объявление";2025.ЭТ-433424;Запальная пика D-ZL 441 Ex .;17.04.2025 09:00:00;02.05.2025 09:00:00;https://www.reestr.nadloc.kz/ru/tender/view/433424
"Акционерное общество ""СНПС-Актобемунайгаз""";3.0;13 380 050.27;Открытый конкурс на понижение (электронные торги);"Опубликован
Объявление";2025.ЭТ-433423;Масла;17.04.2025 09:00:00;02.05.2025 09:00:00;https://www.reestr.nadloc.kz/ru/tender/view/433423
"Акционерное общество ""СНПС-Актобемунайгаз""";5.0;1 666 260.00;Открытый конкурс на понижение (электронные торги);"Опубликован
Объявление";2025.ЭТ-433421;Шкаф офисный,стол обеденный,тумба мобильная;17.04.2025 09:00:00;02.05.2025 09:00:00;https://www.reestr.nadloc.kz/ru/tender/view/433421
"Акционерное общество ""СНПС-Актобемунайгаз""";2.0;355 740 000.00;Открытый конкурс на понижение (электронные торги);"Опубликован
Объявление";2025.ЭТ-433420;Аппарат воздушного охлаждения;17.04.2025 09:00:00;20.05.2025 09:00:00;https://www.reestr.nadloc.kz/ru/tender/view/433420
"Акционерное общество ""СНПС-Актобемунайгаз""";32.0;9 772 018.00;Открытый конкурс на понижение (электронные торги);"Опубликован
Объявление";2025.ЭТ-432818;Контрольно-измерительные приборы;11.04.2025 09:00:00;30.04.2025 09:00:00;https://www.reestr.nadloc.kz/ru/tender/view/432818
"Акционерное общество ""СНПС-Актобемунайгаз""";14.0;1 362 216.33;Открытый конкурс на понижение (электронные торги);"Опубликован
Объявление";2025.ЭТ-433395;Строительные материалы;17.04.2025 09:00:00;02.05.2025 09:00:00;https://www.reestr.nadloc.kz/ru/tender/view/433395
"Акционерное общество ""СНПС-Актобемунайгаз""";4.0;453 751.30;Открытый конкурс на понижение (электронные торги);"Опубликован
Объявление";2025.ЭТ-433346;Лист оцинкованный, Профнастил;17.04.2025 09:00:00;02.05.2025 09:00:00;https://www.reestr.nadloc.kz/ru/tender/view/433346
"Акционерное общество ""СНПС-Актобемунайгаз""";7.0;456 769 600.00;Открытый конкурс на понижение (электронные торги);"Опубликован
Объявление";2025.ЭТ-432457;Бурение 7 скважин на месторождении Кенкияк-надсолевое -;05.04.2025 09:00:00;30.04.2025 09:00:00;https://www.reestr.nadloc.kz/ru/tender/view/432457
"Акционерное общество ""СНПС-Актобемунайгаз""";3.0;694 072.00;Открытый конкурс на понижение (электронные торги);"Опубликован
Объявление";2025.ЭТ-433316;Сварочные материалы;16.04.2025 09:00:00;30.04.2025 09:00:00;https://www.reestr.nadloc.kz/ru/tender/view/433316
"Акционерное общество ""СНПС-Актобемунайгаз""";9.0;14 644 231.00;Открытый конкурс на понижение (электронные торги);"Опубликован
Объявление";2025.ЭТ-433317;Насосы;16.04.2025 09:00:00;30.04.2025 09:00:00;https://www.reestr.nadloc.kz/ru/tender/view/433317
"Акционерное общество ""СНПС-Актобемунайгаз""";1.0;58 154 196.43;Открытый конкурс на понижение (электронные торги);"Опубликован
Объявление";2025.ЭТ-433311;Замена системы орошения и обшивка стен с теплоизоляцией на РВС-10000м3 на КНГСС м/р Северная Трува;16.04.2025 09:00:00;30.04.2025 09:00:00;https://www.reestr.nadloc.kz/ru/tender/view/433311
"Акционерное общество ""СНПС-Актобемунайгаз""";6.0;1 264 484.80;Открытый конкурс на понижение (электронные торги);"Опубликован
Объявление";2025.ЭТ-433308;Кабель;16.04.2025 09:00:00;30.04.2025 09:00:00;https://www.reestr.nadloc.kz/ru/tender/view/433308
"Акционерное общество ""СНПС-Актобемунайгаз""";7.0;6 287 572.36;Открытый конкурс на понижение (электронные торги);"Опубликован
Объявление";2025.ЭТ-433307;Бытовая техника;16.04.2025 09:00:00;30.04.2025 09:00:00;https://www.reestr.nadloc.kz/ru/tender/view/433307
"Акционерное общество ""СНПС-Актобемунайгаз""";1.0;5 297 000.00;Открытый конкурс на понижение (электронные торги);"Опубликован
Объявление";2025.ЭТ-433301;Трубка рентгеновская БХВ 17 -Ti;16.04.2025 09:00:00;30.04.2025 09:00:00;https://www.reestr.nadloc.kz/ru/tender/view/433301
"Акционерное общество ""СНПС-Актобемунайгаз""";2.0;5 143 200.00;Открытый конкурс на понижение (электронные торги);"Опубликован
Объявление";2025.ЭТ-433300;конденсатоотводчик;16.04.2025 09:00:00;30.04.2025 09:00:00;https://www.reestr.nadloc.kz/ru/tender/view/433300
"Акционерное общество ""СНПС-Актобемунайгаз""";1.0;2 065 305.60;Открытый конкурс на понижение (электронные торги);"Опубликован
Объявление";2025.ЭТ-433297;Кварцевый песок;16.04.2025 09:00:00;30.04.2025 09:00:00;https://www.reestr.nadloc.kz/ru/tender/view/433297
"Акционерное общество ""СНПС-Актобемунайгаз""";3.0;33 928 571.65;Открытый конкурс на понижение (электронные торги);"Опубликован
Объявление";2025.ЭТ-433295;Биологическая рекультивация земель на м/р Жанажол, м/р Северная Трува, м/р Кенкияк;16.04.2025 09:00:00;30.04.2025 09:00:00;https://www.reestr.nadloc.kz/ru/tender/view/433295
"Акционерное общество ""СНПС-Актобемунайгаз""";1.0;5 625 000.00;Открытый конкурс на понижение (электронные торги);"Опубликован
Объявление";2025.ЭТ-433288;Вывоз и утилизация загрязненной серы с территории ЖНГК;16.04.2025 09:00:00;30.04.2025 09:00:00;https://www.reestr.nadloc.kz/ru/tender/view/433288
"Акционерное общество ""СНПС-Актобемунайгаз""";3.0;2 478 488.40;Открытый конкурс на понижение (электронные торги);"Опубликован
Объявление";2025.ЭТ-433259;Противопожарное оборудование;16.04.2025 09:00:00;30.04.2025 09:00:00;https://www.reestr.nadloc.kz/ru/tender/view/433259
"Акционерное общество ""СНПС-Актобемунайгаз""";1.0;88 970 000.00;Открытый конкурс на понижение (электронные торги);"Опубликован
Объявление";2025.ЭТ-433237;Спуск ГНКТ для стационарной подачи газа на скважинах м/р Кенкияк-подсолевое на 2025 год;16.04.2025 09:00:00;19.05.2025 09:00:00;https://www.reestr.nadloc.kz/ru/tender/view/433237
"Акционерное общество ""СНПС-Актобемунайгаз""";1.0;204 152 000.00;Открытый конкурс на понижение (электронные торги);"Опубликован
Объявление";2025.ЭТ-433238;Спуск противопесочного фильтра с закачкой кварцевого песка (пропанта) на 8 вертикальных скважин м/р Кенкияк – надсолевое;16.04.2025 09:00:00;19.05.2025 09:00:00;https://www.reestr.nadloc.kz/ru/tender/view/433238
"Акционерное общество ""СНПС-Актобемунайгаз""";12.0;29 791 450.00;Открытый конкурс на понижение (электронные торги);"Опубликован
Объявление";2025.ЭТ-433198;Запорная арматура для остановочного капитального ремонта ГПЗ;15.04.2025 09:00:00;29.04.2025 09:00:00;https://www.reestr.nadloc.kz/ru/tender/view/433198
"Акционерное общество ""СНПС-Актобемунайгаз""";2.0;77 002 920.00;Открытый конкурс на понижение (электронные торги);"Опубликован
Объявление";2025.ЭТ-433207;Услуги по очистке АВО, скрубберов на м/р Жанажол на 2025 год;15.04.2025 09:00:00;29.04.2025 09:00:00;https://www.reestr.nadloc.kz/ru/tender/view/433207
"Акционерное общество ""СНПС-Актобемунайгаз""";1.0;1 000 000.00;Открытый конкурс на понижение (электронные торги);"Опубликован
Объявление";2025.ЭТ-433200;Вывоз и утилизация отработанных мембран Kristal 2000 и мембран обратного осмоса FILMTEK;15.04.2025 09:00:00;29.04.2025 09:00:00;https://www.reestr.nadloc.kz/ru/tender/view/433200
"Акционерное общество ""СНПС-Актобемунайгаз""";15.0;887 879 102.60;Открытый конкурс на понижение (электронные торги);"Опубликован
Объявление";2025.ЭТ-433197;Запасные части Ariel, САТ, WAUKESHA;15.04.2025 09:00:00;16.05.2025 09:00:00;https://www.reestr.nadloc.kz/ru/tender/view/433197
"Акционерное общество ""СНПС-Актобемунайгаз""";3.0;449 080 000.00;Открытый конкурс на понижение (электронные торги);"Опубликован
Объявление";2025.ЭТ-433186;Ликвидация пробки внутри НКТ на скважинах м/р Жанажол, Северная Трува, Кенкияк-подсолевой с помощью ГНКТ;15.04.2025 09:00:00;16.05.2025 09:00:00;https://www.reestr.nadloc.kz/ru/tender/view/433186
"Акционерное общество ""СНПС-Актобемунайгаз""";1.0;2 246 400.00;Открытый конкурс на понижение (электронные торги);"Опубликован
Объявление";2025.ЭТ-433162;Прожектор взрывозащищенный;15.04.2025 09:00:00;29.04.2025 09:00:00;https://www.reestr.nadloc.kz/ru/tender/view/433162
"Акционерное общество ""СНПС-Актобемунайгаз""";1.0;1 900 000.00;Открытый конкурс на понижение (электронные торги);"Опубликован
Объявление";2025.ЭТ-433149;Теплотехнические испытания котлов с выдачей режимной карты на объектах ОНГДУ;15.04.2025 09:00:00;29.04.2025 09:00:00;https://www.reestr.nadloc.kz/ru/tender/view/433149
"Акционерное общество ""СНПС-Актобемунайгаз""";2.0;234 346 000.00;Открытый конкурс на понижение (электронные торги);"Опубликован
Объявление";2025.ЭТ-433033;Оказание технических услуг по проведению расширенного комплекса ГДИ модульным испытателем пластов MDT на участке Терескен-1, Терескен-2.;12.04.2025 09:00:00;15.05.2025 09:00:00;https://www.reestr.nadloc.kz/ru/tender/view/433033
"Акционерное общество ""СНПС-Актобемунайгаз""";7.0;5 188 646.00;Открытый конкурс на понижение (электронные торги);"Опубликован
Объявление";2025.ЭТ-432770;Масла, торм.жидк, электролит.;11.04.2025 09:00:00;02.05.2025 09:00:00;https://www.reestr.nadloc.kz/ru/tender/view/432770
"Акционерное общество ""СНПС-Актобемунайгаз""";19.0;24 542 652.00;Открытый конкурс на понижение (электронные торги);"Опубликован
Объявление";2025.ЭТ-432859;запчасти к насосам ЦНС, стропы 19лотов с ОТП;11.04.2025 09:00:00;02.05.2025 09:00:00;https://www.reestr.nadloc.kz/ru/tender/view/432859
"Акционерное общество ""СНПС-Актобемунайгаз""";12.0;3 805 699.00;Открытый конкурс на понижение (электронные торги);"Опубликован
Объявление";2025.ЭТ-432808;Стальные детали трубопровода (остановочный ремонт);10.04.2025 09:00:00;29.04.2025 09:00:00;https://www.reestr.nadloc.kz/ru/tender/view/432808
"Акционерное общество ""СНПС-Актобемунайгаз""";2.0;352 436 217.86;Открытый конкурс на понижение (электронные торги);"Опубликован
Объявление";2025.ЭТ-432775;Замена и футерования нефтегазосборного трубопровода тр 426*12,7мм от КС СТ до ЗПН-4 на м/р Жанажол 1,3км+2км=3,3км;10.04.2025 15:05:00;13.05.2025 09:00:00;https://www.reestr.nadloc.kz/ru/tender/view/432775
"Акционерное общество ""СНПС-Актобемунайгаз""";14.0;2 042 990.00;Открытый конкурс на понижение (электронные торги);"Опубликован
Объявление";2025.ЭТ-432650;запчасти компрессора КВ 10/10П, зч к ЖД транспорту;09.04.2025 09:00:00;30.04.2025 09:00:00;https://www.reestr.nadloc.kz/ru/tender/view/432650
"Акционерное общество ""СНПС-Актобемунайгаз""";1.0;727 996 744.00;Открытый конкурс на понижение (электронные торги);"Опубликован
Объявление";2025.ЭТ-432641;Теплообменник предохладителя сырьевого газа c холодильной камерой BCH-H-4500/7.6. Е-1401 на УПЛУ 2-ой очереди ГПЗ-2;09.04.2025 09:00:00;12.05.2025 09:00:00;https://www.reestr.nadloc.kz/ru/tender/view/432641
"Акционерное общество ""СНПС-Актобемунайгаз""";1.0;260 624 227.00;Открытый конкурс на понижение (электронные торги);"Опубликован
Объявление";2025.ЭТ-432639;ГИС при бурении, ГИС с применением специальных методов, ГИС при КРС, интерпретация и перфорация на месторождении Северная Трува;09.04.2025 09:00:00;12.05.2025 09:00:00;https://www.reestr.nadloc.kz/ru/tender/view/432639
"Акционерное общество ""СНПС-Актобемунайгаз""";2.0;139 500 000.00;Открытый конкурс на понижение (электронные торги);"Опубликован
Объявление";2025.ЭТ-432200;Планово предупредительные работы шаровых кранов отсекателей ORBIT на объекте УОГ ГЛКС.;04.04.2025 09:00:00;05.05.2025 09:00:00;https://www.reestr.nadloc.kz/ru/tender/view/432200
"Акционерное общество ""СНПС-Актобемунайгаз""";1.0;143 553 960.00;Открытый конкурс на понижение (электронные торги);"Опубликован
Объявление";2025.ЭТ-431986;Оказание технических услуг по гидродинамическому исследованию скважин на месторождении Северная Трува;01.04.2025 09:00:00;29.04.2025 09:00:00;https://www.reestr.nadloc.kz/ru/tender/view/431986
"Акционерное общество ""СНПС-Актобемунайгаз""";1.0;117 173 000.00;Открытый конкурс на понижение (электронные торги);"Опубликован
Объявление";2025.ЭТ-431957;Оказание технических услуг по проведению расширенного комплекса ГДИ модульным испытателем пластов MDT на месторождений Северная Трува;01.04.2025 09:00:00;29.04.2025 09:00:00;https://www.reestr.nadloc.kz/ru/tender/view/431957
;;;;;;;;;https://www.reestr.nadloc.kz/ru/tender/List?p=1&s=20&flt_by_status=65&flt_cust=sn-ak7d&flt_by_type=0
;;;;;;;;;https://www.reestr.nadloc.kz/ru/tender/List?p=2&s=100&flt_cust=sn-ak7d&flt_code=&flt_name=&flt_by_status=65
